{"blockID":"Garbage","color":{"r":0.6603773832321167,"g":0.6603773832321167,"b":0.6603773832321167,"a":1.0},"emission":{"r":0.0,"g":0.0,"b":0.0,"a":0.0},"material":{"instanceID":20102}}