{"blockID":"I","color":{"r":0.0,"g":0.8310704231262207,"b":1.0,"a":1.0},"emission":{"r":0.0235294122248888,"g":1.8745098114013672,"b":2.0,"a":1.0},"material":{"instanceID":-9732}}